dcor102589_wpac,dcor102589_wpac
dcor102605_wpac,dcor102605_wpac
dcor102610_wpac,dcor102610_wpac
dcor102610b_wpac,Delete
dcor102682_wpac,dcor102682_wpac
dcor117094_wpac,dcor117094_wpac
dcor117103_wpac,dcor117103_wpac
dcor12480_wpac,dcor12480_wpac
dcor12481_wpac,dcor12481_wpac
dcor12481b_wpac,Delete
dcor12484_wpac,dcor12484_wpac
dcor12485_wpac,dcor12485_wpac
dcor12486_wpac,dcor12486_wpac
dcor12488_wpac,dcor12488_wpac
dcor12489_wpac,dcor12489_wpac
dcor12489b_wpac,Delete
dcor12491_wpac,dcor12491_wpac
dcor12492_wpac,dcor12492_wpac
dcor12492b_wpac,Delete
dcor12493_wpac,dcor12493_wpac
dcor12494_wpac,dcor12494_wpac
dcor12497_wpac,dcor12497_wpac
dcor12499_wpac,dcor12499_wpac
dcor12500_wpac,dcor12500_wpac
dcor12500b_wpac,Delete
dcor12503_wpac,dcor12503_wpac
dcor12504_wpac,dcor12504_wpac
dcor12509_wpac,dcor12509_wpac
dcor12509b_wpac,Delete
dcor12509c_wpac,Delete
dcor12511_wpac,dcor12511_wpac
dcor12514_wpac,dcor12514_wpac
dcor12514b_wpac,Delete
dcor12515_wpac,dcor12515_wpac
dcor12517_wpac,dcor12517_wpac
dcor12519_wpac,dcor12519_wpac
dcor12520_wpac,dcor12520_wpac
dcor12520b_wpac,Delete
dcor12521_wpac,dcor12521_wpac
dcor12521b_wpac,Delete
dcor12522_wpac,dcor12522_wpac
dcor12523_wpac,dcor12523_wpac
dcor12524_wpac,dcor12524_wpac
dcor12525_wpac,dcor12525_wpac
dcor12527_wpac,dcor12527_wpac
dcor12528_wpac,dcor12528_wpac
dcor134055_wpac,dcor134055_wpac
dcor134059_wpac,dcor134059_wpac
dcor134070_wpac,dcor134070_wpac
dcor134074_wpac,dcor134074_wpac
dcor134074b_wpac,Delete
dcor134087_wpac,dcor134087_wpac
dcor134097_wpac,dcor134097_wpac
dcor134098_wpac,dcor134098_wpac
dcor134098b_wpac,Delete
dcor134101_wpac,dcor134101_wpac
dcor134108_wpac,dcor134108_wpac
dcor134109_wpac,dcor134109_wpac
dcor134111_wpac,dcor134111_wpac
dcor134112_wpac,dcor134112_wpac
dcor134112b_wpac,Delete
dcor134113_wpac,dcor134113_wpac
dcor134113b_wpac,Delete
dcor14372_p1,dcor14372_p1
dcor14386_09_p1,dcor14386_09_p1
dcor14464_p2,dcor14464_p2
dcor14587_p2,dcor14587_p2
dcor14718_p2,dcor14718_p2
dcor14719_p2,dcor14719_p2
dcor15552_p2,dcor15552_p2
dcor15553_p3,dcor15553_p3
dcor15558_p3,dcor15558_p3
dcor15562_p3,dcor15562_p3
dcor15564_p3,dcor15564_p3
dcor15586_p3,dcor15586_p3
dcor15592_p3,dcor15592_p3
dcor16882_wpac,dcor16882_wpac
dcor16883_wpac,dcor16883_wpac
dcor16884_wpac,dcor16884_wpac
dcor16884b_wpac,Delete
dcor16885_wpac,dcor16885_wpac
dcor16886_wpac,dcor16886_wpac
dcor16887_wpac,dcor16887_wpac
dcor16888_wpac,dcor16888_wpac
dcor183610_mex_fem,dcor183610_mex_fem
dcor214772_sa_fem,dcor214772_sa_fem
dcor214773_sa_fem,dcor214773_sa_fem
dcor214775_sa_fem,dcor214775_sa_fem
dcor214922_sa_fem,dcor214922_sa_fem
dcor215007_sa_fem,dcor215007_sa_fem
dcor215012_sa_fem,dcor215012_sa_fem
dcor23557_p3,dcor23557_p3
dcor26450_wpac,dcor26450_wpac
dcor26450b_wpac,Delete
dcor26451_wpac,dcor26451_wpac
dcor26451b_wpac,Delete
dcor26452_wpac,dcor26452_wpac
dcor26456_wpac,dcor26456_wpac
dcor26457_wpac,dcor26457_wpac
dcor26457b_wpac,Delete
dcor26458_wpac,dcor26458_wpac
dcor26872_mex_fem,dcor26872_mex_fem
dcor30265_mex_fem,dcor30265_mex_fem
dcor30265b_mex_fem,Delete
dcor30272_mex_fem,dcor30272_mex_fem
dcor30274_mex_fem,dcor30274_mex_fem
dcor32021_wpac,dcor32021_wpac
dcor32024_wpac,dcor32024_wpac
dcor32031_wpac,dcor32031_wpac
dcor37412_wpac,dcor37412_wpac
dcor37417_wpac,dcor37417_wpac
dcor37418_wpac,dcor37418_wpac
dcor37419_wpac,dcor37419_wpac
dcor37422_wpac,dcor37422_wpac
dcor37463_wpac,dcor37463_wpac
dcor37464_wpac,dcor37464_wpac
dcor37466_wpac,dcor37466_wpac
dcor37467_wpac,dcor37467_wpac
dcor37468_wpac,dcor37468_wpac
dcor37471_wpac,dcor37471_wpac
dcor38949_mex_fem,dcor38949_mex_fem
dcor38952_mex_fem,dcor38952_mex_fem
dcor38952b_mex_fem,Delete
dcor38957_mex_fem,dcor38957_mex_fem
dcor40942_wpac,dcor40942_wpac
dcor40943_wpac,dcor40943_wpac
dcor40945_wpac,dcor40945_wpac
dcor42060_mex_fem,dcor42060_mex_fem
dcor5646_mex_fem,dcor5646_mex_fem
dcor5663_mex_fem,dcor5663_mex_fem
dcor5700_mex_fem,dcor5700_mex_fem
dcor5705_mex_fem,dcor5705_mex_fem
dcor5724_mex_fem,dcor5724_mex_fem
dcor61457_wpac,dcor61457_wpac
dcor61464_wpac,dcor61464_wpac
dcor61467_wpac,dcor61467_wpac
dcor61467b_wpac,Delete
dcor61468_wpac,dcor61468_wpac
dcor62622_wpac,dcor62622_wpac
dcor62627_wpac,dcor62627_wpac
dcor62681_wpac,dcor62681_wpac
dcor62687_wpac,dcor62687_wpac
dcor62737_wpac,dcor62737_wpac
dcor62743_wpac,dcor62743_wpac
dcor62752_wpac,dcor62752_wpac
dcor62752b_wpac,Delete
dcor62761_wpac,dcor62761_wpac
dcor62761b_wpac,Delete
dcor62766_wpac,dcor62766_wpac
dcor62766b_wpac,Delete
dcor62787_wpac,dcor62787_wpac
dcor6796_wpac,dcor6796_wpac
dcor6798_wpac,dcor6798_wpac
dcor6799_wpac,dcor6799_wpac
dcor6799b_wpac,Delete
dcor6800_wpac,dcor6800_wpac
dcor6801_wpac,dcor6801_wpac
dcor6802_wpac,dcor6802_wpac
dcor6802b_wpac,Delete
dcor6803_wpac,dcor6803_wpac
dcor6805_wpac,dcor6805_wpac
dcor76691_wpac,dcor76691_wpac
dcor76691b_wpac,Delete
dcor76693_wpac,dcor76693_wpac
dcor76695_wpac,dcor76695_wpac
dcor76695b_wpac,Delete
dcor76697_wpac,dcor76697_wpac
dcor76697b_wpac,Delete
dcor76699_wpac,dcor76699_wpac
dcor76701_wpac,dcor76701_wpac
dcor76707_wpac,dcor76707_wpac
dcor76709_wpac,dcor76709_wpac
dcor76711_wpac,dcor76711_wpac
dcor76713_wpac,dcor76713_wpac
dcor76715_wpac,dcor76715_wpac
dcor9907_p8,dcor9907_p8
dcor9909_p1,dcor9909_p1